City_ID,City,Country,Date,Lat,Lng,Max Temp,Humidity,Cloudiness,Wind Speed,Current Description
0,yellowknife,CA,2022-05-01 19:57:03,62.456,-114.3525,43.32,49,20,16.11,few clouds
1,ostrovnoy,RU,2022-05-01 19:57:04,68.0531,39.5131,18.64,89,80,7.85,broken clouds
2,ushuaia,AR,2022-05-01 19:57:04,-54.8,-68.3,44.26,70,20,20.71,few clouds
3,concordia,AR,2022-05-01 19:57:05,-31.393,-58.0209,68.79,60,30,8.01,scattered clouds
4,klaksvik,FO,2022-05-01 19:57:05,62.2266,-6.589,45.52,77,88,23.06,overcast clouds
5,khatanga,RU,2022-05-01 19:57:06,71.9667,102.5,13.14,91,97,9.98,overcast clouds
6,karachi,PK,2022-05-01 19:52:10,24.9056,67.0822,87.62,35,80,13.8,broken clouds
7,rikitea,PF,2022-05-01 19:57:06,-23.1203,-134.9692,76.3,73,14,6.89,few clouds
8,bambous virieux,MU,2022-05-01 19:49:22,-20.3428,57.7575,75.45,88,75,3.44,broken clouds
9,seoul,KR,2022-05-01 19:55:07,37.5683,126.9778,46.0,90,20,2.3,mist
10,thinadhoo,MV,2022-05-01 19:57:07,0.5333,72.9333,85.71,73,99,18.25,overcast clouds
11,tuktoyaktuk,CA,2022-05-01 19:57:07,69.4541,-133.0374,35.6,75,0,8.05,clear sky
12,codrington,AU,2022-05-01 19:48:04,-38.2667,141.9667,58.89,82,100,8.46,overcast clouds
13,miyako,JP,2022-05-01 19:57:08,39.6367,141.9525,42.64,90,5,4.68,clear sky
14,albany,US,2022-05-01 19:57:08,42.6001,-73.9662,69.46,26,100,1.99,overcast clouds
15,yulara,AU,2022-05-01 19:57:09,-25.2406,130.9889,58.84,72,100,5.75,overcast clouds
16,bluff,NZ,2022-05-01 19:57:09,-46.6,168.3333,44.8,85,14,10.07,few clouds
17,hithadhoo,MV,2022-05-01 19:47:48,-0.6,73.0833,85.66,70,100,15.61,overcast clouds
18,bredasdorp,ZA,2022-05-01 19:57:09,-34.5322,20.0403,56.68,93,0,4.09,clear sky
19,grand river south east,ZA,2022-05-01 19:57:09,-34.5322,20.0403,56.68,93,0,4.09,clear sky
20,ola,RU,2022-05-01 19:57:10,59.5833,151.2833,32.61,77,59,2.42,broken clouds
21,barroquinha,BR,2022-05-01 19:57:10,-3.0189,-41.1361,78.91,92,80,4.5,broken clouds
22,barrow,US,2022-05-01 19:57:11,71.2906,-156.7887,21.36,92,100,12.55,overcast clouds
23,namibe,AO,2022-05-01 19:48:05,-15.1961,12.1522,74.46,66,9,8.79,clear sky
24,ribeira grande,PT,2022-05-01 19:57:11,38.5167,-28.7,64.8,82,75,4.61,broken clouds
25,lagoa,PT,2022-05-01 19:57:12,39.05,-27.9833,62.67,73,13,1.57,few clouds
26,castro,BR,2022-05-01 19:44:08,-24.7911,-50.0119,67.08,84,39,4.76,scattered clouds
27,deltona,US,2022-05-01 19:54:12,28.9005,-81.2637,87.98,61,40,11.5,scattered clouds
28,ciro marina,IT,2022-05-01 19:57:12,39.3732,17.126,60.19,70,48,5.97,scattered clouds
29,busselton,AU,2022-05-01 19:57:13,-33.65,115.3333,57.61,85,32,0.2,scattered clouds
30,mataura,NZ,2022-05-01 19:57:13,-46.1927,168.8643,44.47,98,7,2.84,clear sky
31,touros,BR,2022-05-01 19:57:14,-5.1989,-35.4608,81.91,76,95,14.29,overcast clouds
32,illoqqortoormiut,BR,2022-05-01 19:57:14,-5.1989,-35.4608,81.91,76,95,14.29,overcast clouds
33,chokurdakh,RU,2022-05-01 19:57:14,70.6333,147.9167,19.8,99,82,10.6,broken clouds
34,chifeng,CN,2022-05-01 19:48:10,42.2683,118.9636,43.77,28,87,1.72,overcast clouds
35,karpathos,GR,2022-05-01 19:57:15,35.507,27.2132,62.56,82,100,31.07,overcast clouds
36,petrovsk,RU,2022-05-01 19:57:15,52.3064,45.3917,39.97,55,5,4.43,clear sky
37,sasaram,IN,2022-05-01 19:57:15,24.951,84.0149,86.14,42,98,8.63,overcast clouds
38,grand-santi,GF,2022-05-01 19:57:16,4.25,-54.3833,81.27,76,92,4.25,overcast clouds
39,butaritari,KI,2022-05-01 19:57:16,3.0707,172.7902,81.57,77,72,12.88,broken clouds
40,manggar,ID,2022-05-01 19:57:17,-2.8833,108.2667,81.86,80,99,6.13,overcast clouds
41,sorvag,ID,2022-05-01 19:57:17,-2.8833,108.2667,81.86,80,99,6.13,overcast clouds
42,punta arenas,CL,2022-05-01 19:57:17,-53.15,-70.9167,50.11,66,0,13.8,clear sky
43,isangel,VU,2022-05-01 19:57:18,-19.55,169.2667,79.25,88,93,7.34,overcast clouds
44,souillac,MU,2022-05-01 19:57:18,-20.5167,57.5167,75.58,88,75,3.44,broken clouds
45,vaini,TO,2022-05-01 19:57:18,-21.2,-175.2,78.96,94,75,6.91,broken clouds
46,puerto ayora,EC,2022-05-01 19:47:29,-0.7393,-90.3518,80.56,81,69,8.86,broken clouds
47,saskylakh,RU,2022-05-01 19:47:51,71.9167,114.0833,3.31,98,55,6.22,broken clouds
48,port hardy,CA,2022-05-01 19:49:24,50.6996,-127.4199,53.78,71,100,6.91,overcast clouds
49,fort frances,CA,2022-05-01 19:57:19,48.5999,-93.4003,43.02,60,100,11.5,overcast clouds
50,okhotsk,RU,2022-05-01 19:57:19,59.3833,143.3,33.78,89,26,3.38,scattered clouds
51,saint george,US,2022-05-01 19:45:40,37.1041,-113.5841,82.63,13,0,21.85,clear sky
52,kieta,PG,2022-05-01 19:47:31,-6.2167,155.6333,78.6,85,96,2.57,overcast clouds
53,bagdarin,RU,2022-05-01 19:57:20,54.4333,113.6,45.28,76,100,5.41,overcast clouds
54,cape canaveral,US,2022-05-01 19:54:58,28.4058,-80.6048,86.07,65,20,14.97,few clouds
55,tumannyy,US,2022-05-01 19:54:58,28.4058,-80.6048,86.07,65,20,14.97,few clouds
56,hilo,US,2022-05-01 19:57:21,19.7297,-155.09,77.29,89,100,8.05,light rain
57,huarmey,PE,2022-05-01 19:57:21,-10.0681,-78.1522,70.86,76,56,9.17,broken clouds
58,kupang,ID,2022-05-01 19:57:22,-10.1667,123.5833,77.49,86,20,6.64,few clouds
59,cap malheureux,MU,2022-05-01 19:57:22,-19.9842,57.6142,74.46,82,7,3.0,clear sky
60,wuda,CN,2022-05-01 19:57:22,39.4994,106.7117,51.53,16,16,3.83,few clouds
61,tasiilaq,GL,2022-05-01 19:49:29,65.6145,-37.6368,32.16,59,87,10.45,overcast clouds
62,kapaa,US,2022-05-01 19:57:23,22.0752,-159.319,80.58,80,75,20.71,broken clouds
63,cape town,ZA,2022-05-01 19:55:43,-33.9258,18.4232,61.88,78,0,9.22,clear sky
64,casablanca,MA,2022-05-01 19:56:19,33.5928,-7.6192,68.34,64,20,6.91,few clouds
65,nanortalik,GL,2022-05-01 19:57:23,60.1432,-45.2371,37.92,85,100,4.32,overcast clouds
66,vanimo,PG,2022-05-01 19:57:24,-2.6741,141.3028,76.96,90,96,4.63,overcast clouds
67,constantine,DZ,2022-05-01 19:53:16,36.365,6.6147,56.61,67,40,4.61,scattered clouds
68,bajos de haina,DO,2022-05-01 19:56:26,18.4154,-70.0332,75.16,93,100,5.75,overcast clouds
69,bouna,CI,2022-05-01 19:57:24,9.2667,-3.0,85.48,45,44,4.18,scattered clouds
70,mount gambier,AU,2022-05-01 19:57:25,-37.8333,140.7667,57.11,100,100,9.22,overcast clouds
71,mar del plata,AR,2022-05-01 19:56:27,-38.0023,-57.5575,55.42,74,75,12.66,broken clouds
72,peterhead,GB,2022-05-01 19:57:25,57.5058,-1.7981,54.45,92,99,10.42,overcast clouds
73,lolua,GB,2022-05-01 19:57:25,57.5058,-1.7981,54.45,92,99,10.42,overcast clouds
74,torbay,CA,2022-05-01 19:47:59,47.6666,-52.7314,50.77,71,75,5.75,broken clouds
75,karamay,CA,2022-05-01 19:47:59,47.6666,-52.7314,50.77,71,75,5.75,broken clouds
76,flinders,AU,2022-05-01 19:47:28,-34.5833,150.8552,54.18,91,12,3.0,few clouds
77,asfi,MA,2022-05-01 19:57:26,32.2994,-9.2372,64.18,82,0,15.19,clear sky
78,east london,ZA,2022-05-01 19:57:26,-33.0153,27.9116,62.96,76,0,8.5,clear sky
79,skegness,GB,2022-05-01 19:57:27,53.1436,0.3363,54.05,86,100,5.32,overcast clouds
80,tabiauea,GB,2022-05-01 19:57:27,53.1436,0.3363,54.05,86,100,5.32,overcast clouds
81,luau,AO,2022-05-01 19:57:27,-10.7073,22.2247,64.42,66,21,5.26,few clouds
82,palabuhanratu,AO,2022-05-01 19:57:27,-10.7073,22.2247,64.42,66,21,5.26,few clouds
83,labrea,BR,2022-05-01 19:57:28,-7.2586,-64.7981,78.82,90,100,2.53,overcast clouds
84,olafsvik,IS,2022-05-01 19:57:28,64.8945,-23.7142,36.54,61,17,18.5,few clouds
85,mayo,US,2022-05-01 19:57:29,38.8876,-76.5119,62.56,85,100,10.36,heavy intensity rain
86,taolanaro,US,2022-05-01 19:57:29,38.8876,-76.5119,62.56,85,100,10.36,heavy intensity rain
87,mahebourg,MU,2022-05-01 19:47:53,-20.4081,57.7,75.49,88,75,3.44,broken clouds
88,japura,ID,2022-05-01 19:57:29,-0.3167,102.35,73.99,96,100,1.52,moderate rain
89,acarau,BR,2022-05-01 19:57:30,-2.8856,-40.12,80.98,80,88,14.45,overcast clouds
90,mayya,RU,2022-05-01 19:57:30,61.7333,130.2811,33.12,82,72,10.33,broken clouds
91,hobart,AU,2022-05-01 19:57:30,-42.8794,147.3294,59.25,78,79,5.75,broken clouds
92,iracoubo,GF,2022-05-01 19:57:31,5.4802,-53.2011,80.91,77,30,11.16,scattered clouds
93,kununurra,AU,2022-05-01 19:57:31,-15.7667,128.7333,78.78,47,57,10.36,broken clouds
94,kruisfontein,ZA,2022-05-01 19:49:08,-34.0033,24.7314,55.89,92,0,5.14,clear sky
95,ixtapa,MX,2022-05-01 19:57:09,20.7,-105.2,92.44,26,50,9.26,scattered clouds
96,port alfred,ZA,2022-05-01 19:57:32,-33.5906,26.891,58.17,91,2,1.01,clear sky
97,atuona,PF,2022-05-01 19:57:32,-9.8,-139.0333,78.67,80,100,14.16,light rain
98,ankazobe,MG,2022-05-01 19:57:33,-18.3167,47.1167,62.08,83,7,3.24,clear sky
99,stoyba,MG,2022-05-01 19:57:33,-18.3167,47.1167,62.08,83,7,3.24,clear sky
100,mehamn,NO,2022-05-01 19:57:33,71.0357,27.8492,22.91,70,64,5.84,broken clouds
101,el sauzal,MX,2022-05-01 19:57:33,31.9,-116.6833,64.42,76,41,10.11,scattered clouds
102,hermanus,ZA,2022-05-01 19:57:34,-34.4187,19.2345,57.79,88,4,9.95,clear sky
103,kavieng,PG,2022-05-01 19:57:34,-2.5744,150.7967,81.9,76,43,7.67,scattered clouds
104,machaneng,BW,2022-05-01 19:57:35,-23.1862,27.4886,67.46,57,51,14.32,broken clouds
105,labutta,BW,2022-05-01 19:57:35,-23.1862,27.4886,67.46,57,51,14.32,broken clouds
106,rudnya,RU,2022-05-01 19:57:35,54.947,31.0934,42.93,58,99,3.89,overcast clouds
107,puerto escondido,MX,2022-05-01 19:53:20,15.85,-97.0667,88.63,62,40,8.05,scattered clouds
108,coihaique,CL,2022-05-01 19:56:06,-45.5752,-72.0662,54.21,66,75,4.61,broken clouds
109,beyneu,KZ,2022-05-01 19:57:36,45.3167,55.2,66.38,46,19,18.9,few clouds
110,tucuman,AR,2022-05-01 19:54:18,-26.8241,-65.2226,66.2,59,75,9.22,broken clouds
111,xining,CN,2022-05-01 19:56:04,36.6167,101.7667,35.51,68,3,2.82,clear sky
112,new norfolk,AU,2022-05-01 19:57:36,-42.7826,147.0587,58.91,78,84,1.01,broken clouds
113,kloulklubed,PW,2022-05-01 19:57:37,7.0419,134.2556,77.5,79,100,15.48,overcast clouds
114,severo-kurilsk,RU,2022-05-01 19:48:10,50.6789,156.125,34.34,86,80,10.09,broken clouds
115,dikson,RU,2022-05-01 19:47:49,73.5069,80.5464,7.54,99,100,11.05,overcast clouds
116,fort nelson,CA,2022-05-01 19:57:37,58.8053,-122.7002,49.59,46,20,13.8,few clouds
117,agadir,MA,2022-05-01 19:57:38,30.4202,-9.5982,70.25,57,0,3.71,clear sky
118,akyab,MM,2022-05-01 19:57:38,20.15,92.9,81.07,80,7,13.04,clear sky
119,marsa matruh,EG,2022-05-01 19:57:39,31.3525,27.2453,68.2,64,0,9.22,clear sky
120,bethel,US,2022-05-01 19:57:39,41.3712,-73.414,72.18,35,99,1.99,overcast clouds
121,havre-saint-pierre,CA,2022-05-01 19:57:39,50.2334,-63.5986,46.76,53,100,20.71,overcast clouds
122,yertarskiy,RU,2022-05-01 19:57:40,56.7902,64.2995,40.89,86,94,7.11,overcast clouds
123,srednekolymsk,RU,2022-05-01 19:57:40,67.45,153.6833,31.23,89,100,1.99,overcast clouds
124,attawapiskat,RU,2022-05-01 19:57:40,67.45,153.6833,31.23,89,100,1.99,overcast clouds
125,karkaralinsk,RU,2022-05-01 19:57:40,67.45,153.6833,31.23,89,100,1.99,overcast clouds
126,marcona,RU,2022-05-01 19:57:40,67.45,153.6833,31.23,89,100,1.99,overcast clouds
127,georgetown,MY,2022-05-01 19:47:49,5.4112,100.3354,82.33,93,20,2.3,few clouds
128,prince albert,CA,2022-05-01 19:55:31,53.2001,-105.7677,44.55,57,75,10.36,broken clouds
129,goderich,CA,2022-05-01 19:47:43,43.7501,-81.7165,53.92,76,100,18.41,overcast clouds
130,carnarvon,AU,2022-05-01 19:57:41,-24.8667,113.6333,62.67,82,0,4.61,clear sky
131,sorland,NO,2022-05-01 19:57:42,67.667,12.6934,40.98,79,100,23.13,light rain
132,vao,NC,2022-05-01 19:57:42,-22.6667,167.4833,75.85,86,71,20.87,broken clouds
133,ostroleka,PL,2022-05-01 19:57:42,53.0862,21.5757,47.93,83,100,8.21,overcast clouds
134,esperance,AU,2022-05-01 19:49:28,-33.8667,121.9,53.44,69,0,5.75,clear sky
135,forbes,AU,2022-05-01 19:57:43,-33.3833,148.0167,45.91,82,0,5.01,clear sky
136,batemans bay,AU,2022-05-01 19:57:43,-35.7167,150.1833,53.1,76,8,4.16,clear sky
137,novyy urengoy,RU,2022-05-01 19:57:44,66.0833,76.6333,21.49,96,100,5.23,overcast clouds
138,grand gaube,MU,2022-05-01 19:47:50,-20.0064,57.6608,75.6,82,9,3.0,clear sky
139,babanusah,MU,2022-05-01 19:47:50,-20.0064,57.6608,75.6,82,9,3.0,clear sky
140,fairbanks,US,2022-05-01 19:55:32,64.8378,-147.7164,53.31,39,100,1.01,overcast clouds
141,airai,TL,2022-05-01 19:49:10,-8.9266,125.4092,58.03,86,66,3.44,broken clouds
142,chapais,CA,2022-05-01 19:57:44,49.7834,-74.8492,55.18,64,67,8.14,broken clouds
143,pangody,RU,2022-05-01 19:57:45,65.85,74.4859,19.17,97,100,3.65,overcast clouds
144,quetzaltepec,RU,2022-05-01 19:57:45,65.85,74.4859,19.17,97,100,3.65,overcast clouds
145,lavumisa,SZ,2022-05-01 19:57:45,-27.31,31.892,58.78,75,0,2.53,clear sky
146,kutum,SD,2022-05-01 19:57:46,14.2,24.6667,82.71,9,42,8.28,scattered clouds
147,edson,CA,2022-05-01 19:57:46,53.5835,-116.4356,42.94,93,100,1.14,overcast clouds
148,mexticacan,MX,2022-05-01 19:57:47,21.2654,-102.7798,87.42,9,94,13.62,overcast clouds
149,andenes,NO,2022-05-01 19:57:47,69.3143,16.1194,33.78,100,75,14.97,broken clouds
150,kaeo,NZ,2022-05-01 19:57:47,-35.1,173.7833,56.32,97,99,6.69,overcast clouds
151,mahibadhoo,MV,2022-05-01 19:57:48,3.7833,72.9667,85.32,75,100,21.21,overcast clouds
152,itoman,JP,2022-05-01 19:57:48,26.1247,127.6694,64.42,82,100,18.41,light rain
153,chiang khong,TH,2022-05-01 19:57:49,20.2613,100.4046,71.92,96,86,2.86,overcast clouds
154,tautira,PF,2022-05-01 19:57:49,-17.7333,-149.15,79.74,74,57,8.12,light rain
155,mareeba,AU,2022-05-01 19:57:49,-17.0,145.4333,68.72,95,69,1.3,broken clouds
156,thompson,CA,2022-05-01 19:53:25,55.7435,-97.8558,28.56,80,100,12.66,overcast clouds
157,saint-philippe,RE,2022-05-01 19:57:50,-21.3585,55.7679,74.79,83,3,2.59,clear sky
158,mys shmidta,RE,2022-05-01 19:57:50,-21.3585,55.7679,74.79,83,3,2.59,clear sky
159,nouadhibou,MR,2022-05-01 19:57:50,20.931,-17.0347,69.78,78,0,19.57,dust
160,bengkulu,ID,2022-05-01 19:57:51,-3.8004,102.2655,76.53,88,100,4.41,moderate rain
161,salalah,OM,2022-05-01 19:49:14,17.0151,54.0924,86.09,84,40,6.91,scattered clouds
162,vila velha,BR,2022-05-01 19:49:33,-20.3297,-40.2925,85.95,64,0,8.05,clear sky
163,samusu,BR,2022-05-01 19:49:33,-20.3297,-40.2925,85.95,64,0,8.05,clear sky
164,havelock,US,2022-05-01 19:55:42,34.8791,-76.9013,82.35,68,40,14.97,scattered clouds
165,vsevolodo-vilva,US,2022-05-01 19:55:42,34.8791,-76.9013,82.35,68,40,14.97,scattered clouds
166,siteki,SZ,2022-05-01 19:57:52,-26.45,31.95,54.52,85,0,1.63,clear sky
167,falesti,MD,2022-05-01 19:57:52,47.5736,27.7092,54.01,71,21,5.59,few clouds
168,hovd,MN,2022-05-01 19:57:52,48.0056,91.6419,54.97,21,100,8.21,overcast clouds
169,usolye,RU,2022-05-01 19:57:53,59.4268,56.6808,23.56,96,16,3.11,few clouds
170,conde,BR,2022-05-01 19:57:53,-7.2597,-34.9075,83.66,74,75,12.66,broken clouds
171,vostok,RU,2022-05-01 19:57:54,46.4856,135.8833,28.31,89,96,2.95,overcast clouds
172,samarai,PG,2022-05-01 19:57:54,-10.6167,150.6667,79.92,81,37,7.92,scattered clouds
173,portland,US,2022-05-01 19:57:07,45.5234,-122.6762,63.61,67,95,3.0,overcast clouds
174,tomatlan,MX,2022-05-01 19:57:55,19.9333,-105.25,89.33,35,22,10.94,few clouds
175,cidreira,BR,2022-05-01 19:57:55,-30.1811,-50.2056,65.64,74,100,8.55,overcast clouds
176,derzhavinsk,KZ,2022-05-01 19:57:55,51.1,66.3167,49.51,72,44,10.98,scattered clouds
177,qaanaaq,GL,2022-05-01 19:57:56,77.484,-69.3632,12.43,72,20,2.93,few clouds
178,kilindoni,TZ,2022-05-01 19:57:56,-7.9139,39.6668,82.09,72,94,18.07,overcast clouds
179,cayenne,GF,2022-05-01 19:57:56,4.9333,-52.3333,86.04,16,40,10.36,scattered clouds
180,bikaner,IN,2022-05-01 19:57:47,28.0167,73.3,93.85,21,14,20.89,few clouds
181,arraial do cabo,BR,2022-05-01 19:57:57,-22.9661,-42.0278,84.16,74,0,10.36,clear sky
182,kepno,PL,2022-05-01 19:57:57,51.2784,17.9891,51.58,65,85,0.69,overcast clouds
183,jamestown,US,2022-05-01 19:57:58,42.097,-79.2353,53.71,100,100,13.8,overcast clouds
184,pucallpa,PE,2022-05-01 19:57:58,-8.3791,-74.5539,86.04,66,75,10.36,broken clouds
185,kirakira,SB,2022-05-01 19:57:59,-10.4544,161.9205,79.56,84,100,6.89,moderate rain
186,lebu,CL,2022-05-01 19:57:59,-37.6167,-73.65,54.95,80,39,14.65,scattered clouds
187,honiara,SB,2022-05-01 19:57:59,-9.4333,159.95,78.39,86,100,0.67,moderate rain
188,north bend,US,2022-05-01 19:53:43,43.4065,-124.2243,65.25,80,0,8.05,clear sky
189,lucea,JM,2022-05-01 19:58:00,18.451,-78.1736,84.85,79,40,16.91,scattered clouds
190,sentyabrskiy,JM,2022-05-01 19:58:00,18.451,-78.1736,84.85,79,40,16.91,scattered clouds
191,louisbourg,JM,2022-05-01 19:58:00,18.451,-78.1736,84.85,79,40,16.91,scattered clouds
192,yining,CN,2022-05-01 19:58:00,29.0361,114.5636,52.63,87,100,0.58,overcast clouds
193,kiruna,SE,2022-05-01 19:58:01,67.8557,20.2251,34.72,80,100,16.11,overcast clouds
194,vardo,NO,2022-05-01 19:49:29,70.3705,31.1107,17.58,86,20,4.61,few clouds
195,kinston,US,2022-05-01 19:58:01,35.2627,-77.5816,85.15,37,68,10.13,broken clouds
196,nikolskoye,RU,2022-05-01 19:58:02,59.7035,30.7861,42.69,86,49,4.65,scattered clouds
197,jalpan,MX,2022-05-01 19:58:02,21.2333,-99.4833,92.17,39,16,7.99,few clouds
198,praia da vitoria,PT,2022-05-01 19:58:03,38.7333,-27.0667,64.76,82,75,2.19,broken clouds
199,urdzhar,PT,2022-05-01 19:58:03,38.7333,-27.0667,64.76,82,75,2.19,broken clouds
200,aklavik,CA,2022-05-01 19:49:12,68.2191,-135.0107,44.6,53,40,8.05,scattered clouds
201,geraldton,AU,2022-05-01 19:48:07,-28.7667,114.6,54.01,82,0,4.61,clear sky
202,biharamulo,TZ,2022-05-01 19:58:03,-2.6319,31.3089,61.39,95,99,3.51,overcast clouds
203,barbar,TZ,2022-05-01 19:58:03,-2.6319,31.3089,61.39,95,99,3.51,overcast clouds
204,wuhu,CN,2022-05-01 19:58:04,31.3366,118.3755,53.8,85,95,6.49,overcast clouds
205,cancun,MX,2022-05-01 19:58:04,21.1743,-86.8466,84.06,66,20,10.18,few clouds
206,tayu,ID,2022-05-01 19:58:05,-6.5397,111.0518,78.58,90,100,8.95,overcast clouds
207,port blair,IN,2022-05-01 19:49:10,11.6667,92.75,78.84,94,40,2.3,mist
208,mantua,IT,2022-05-01 19:58:05,45.1667,10.7833,60.04,79,57,1.99,broken clouds
209,sergiyevsk,RU,2022-05-01 19:58:06,53.9413,51.165,36.93,58,2,2.64,clear sky
210,umzimvubu,RU,2022-05-01 19:58:06,53.9413,51.165,36.93,58,2,2.64,clear sky
211,beloha,MG,2022-05-01 19:58:06,-25.1667,45.05,67.15,85,5,4.97,clear sky
212,chiriqui grande,PA,2022-05-01 19:58:06,8.95,-82.1167,83.37,82,99,5.39,overcast clouds
213,ewa beach,US,2022-05-01 19:53:59,21.3156,-158.0072,78.75,72,75,5.75,broken clouds
214,uvat,RU,2022-05-01 19:58:07,59.1433,68.8953,35.85,68,97,6.06,overcast clouds
215,araouane,ML,2022-05-01 19:58:07,18.9048,-3.5265,85.84,13,0,9.78,clear sky
216,rio gallegos,AR,2022-05-01 19:58:08,-51.6226,-69.2181,51.85,66,75,12.66,broken clouds
217,alofi,NU,2022-05-01 19:58:08,-19.0595,-169.9187,80.49,89,100,5.75,overcast clouds
218,belushya guba,NU,2022-05-01 19:58:08,-19.0595,-169.9187,80.49,89,100,5.75,overcast clouds
219,skalistyy,NU,2022-05-01 19:58:08,-19.0595,-169.9187,80.49,89,100,5.75,overcast clouds
220,amderma,NU,2022-05-01 19:58:08,-19.0595,-169.9187,80.49,89,100,5.75,overcast clouds
221,broken hill,AU,2022-05-01 19:55:07,-31.95,141.4333,46.11,87,0,0.0,clear sky
222,shaowu,CN,2022-05-01 19:58:09,27.3409,117.4831,54.93,97,100,1.81,overcast clouds
223,mattawa,US,2022-05-01 19:58:09,46.7379,-119.9028,65.26,39,72,1.99,broken clouds
224,victoria,HK,2022-05-01 19:53:53,22.2855,114.1577,64.26,93,100,5.99,light rain
225,port elizabeth,ZA,2022-05-01 19:58:10,-33.918,25.5701,61.09,89,0,9.22,clear sky
226,chagda,ZA,2022-05-01 19:58:10,-33.918,25.5701,61.09,89,0,9.22,clear sky
227,konstantinovskiy,RU,2022-05-01 19:58:10,57.8301,39.5899,38.91,73,90,3.96,overcast clouds
228,kodiak,US,2022-05-01 19:58:11,57.79,-152.4072,42.31,81,100,18.41,light rain
229,requena,ES,2022-05-01 19:58:11,39.4883,-1.1004,60.87,75,66,2.64,broken clouds
230,weligama,LK,2022-05-01 19:58:12,5.9667,80.4167,79.05,89,91,11.12,overcast clouds
231,arvika,SE,2022-05-01 19:55:53,59.6553,12.5852,45.21,48,93,4.76,overcast clouds
232,deputatskiy,RU,2022-05-01 19:49:26,69.3,139.9,22.08,83,100,4.85,overcast clouds
233,tiksi,RU,2022-05-01 19:58:12,71.6872,128.8694,16.92,89,98,13.56,overcast clouds
234,shobara,JP,2022-05-01 19:58:13,34.85,133.0167,40.51,69,20,0.31,few clouds
235,sambava,MG,2022-05-01 19:58:13,-14.2667,50.1667,77.5,85,51,7.34,broken clouds
236,coquimbo,CL,2022-05-01 19:58:13,-29.9533,-71.3436,62.33,72,0,8.05,clear sky
237,stornoway,GB,2022-05-01 19:58:14,58.2093,-6.3865,49.96,78,100,6.91,overcast clouds
238,tarudant,GB,2022-05-01 19:58:14,58.2093,-6.3865,49.96,78,100,6.91,overcast clouds
239,upernavik,GL,2022-05-01 19:58:14,72.7868,-56.1549,11.55,79,98,3.87,overcast clouds
240,norman wells,CA,2022-05-01 19:58:15,65.282,-126.8329,48.24,46,75,18.41,broken clouds
241,chuy,UY,2022-05-01 19:58:15,-33.6971,-53.4616,61.77,58,0,10.22,clear sky
242,ceres,US,2022-05-01 19:58:16,37.5949,-120.9577,75.52,27,1,15.73,clear sky
243,boljoon,PH,2022-05-01 19:58:16,9.6281,123.4785,80.58,84,100,9.64,overcast clouds
244,oranjemund,NA,2022-05-01 19:58:17,-28.55,16.4333,62.38,47,0,4.72,clear sky
245,shingu,JP,2022-05-01 19:58:17,33.7333,135.9833,48.04,69,100,6.98,overcast clouds
246,samalaeulu,JP,2022-05-01 19:58:17,33.7333,135.9833,48.04,69,100,6.98,overcast clouds
247,hambantota,LK,2022-05-01 19:58:19,6.1241,81.1185,81.1,82,100,16.31,overcast clouds
248,cabedelo,BR,2022-05-01 19:48:58,-6.9811,-34.8339,84.87,81,23,11.48,few clouds
249,pemberton,CA,2022-05-01 19:58:20,50.3164,-122.8027,56.89,92,100,3.27,overcast clouds
250,port-gentil,GA,2022-05-01 19:58:20,-0.7193,8.7815,82.36,83,75,6.91,broken clouds
251,ryazanovskiy,RU,2022-05-01 19:58:21,55.55,39.4333,38.66,83,90,5.06,overcast clouds
252,half moon bay,US,2022-05-01 19:58:22,37.4636,-122.4286,75.54,53,0,6.91,clear sky
253,dauphin,CA,2022-05-01 19:58:22,51.1494,-100.0502,39.34,87,100,13.8,overcast clouds
254,nueva guinea,NI,2022-05-01 19:58:23,11.6876,-84.4562,90.72,48,94,10.92,overcast clouds
255,aginskoye,RU,2022-05-01 19:58:23,51.1,114.53,48.47,63,100,5.32,overcast clouds
256,saldanha,ZA,2022-05-01 19:58:24,-33.0117,17.9442,57.25,81,0,10.89,clear sky
257,tsaratanana,MG,2022-05-01 19:58:25,-16.7833,47.65,78.15,70,74,1.68,broken clouds
258,kingsport,US,2022-05-01 19:58:25,36.5484,-82.5618,75.54,70,100,5.99,overcast clouds
259,nizhniy kuranakh,RU,2022-05-01 19:58:26,58.8353,125.4869,35.65,93,100,9.26,light rain
260,narok,KE,2022-05-01 19:58:26,-1.0783,35.8601,57.6,92,99,5.46,overcast clouds
261,theologos,KE,2022-05-01 19:58:26,-1.0783,35.8601,57.6,92,99,5.46,overcast clouds
262,warqla,KE,2022-05-01 19:58:26,-1.0783,35.8601,57.6,92,99,5.46,overcast clouds
263,mbuji-mayi,CD,2022-05-01 19:58:27,-6.15,23.6,68.7,96,97,3.18,overcast clouds
264,murgab,TM,2022-05-01 19:58:28,37.4966,61.9714,71.47,53,100,13.8,overcast clouds
265,hauterive,FR,2022-05-01 19:58:28,46.0901,3.4459,56.16,86,56,3.47,broken clouds
266,frederico westphalen,BR,2022-05-01 19:55:41,-27.3592,-53.3944,73.44,90,90,0.74,overcast clouds
267,nizhneyansk,BR,2022-05-01 19:55:41,-27.3592,-53.3944,73.44,90,90,0.74,overcast clouds
268,tuatapere,NZ,2022-05-01 19:49:20,-46.1333,167.6833,47.61,92,12,6.85,few clouds
269,new amsterdam,GY,2022-05-01 19:58:29,6.25,-57.5167,83.17,64,55,7.83,broken clouds
270,basco,PH,2022-05-01 19:58:30,20.4487,121.9702,79.0,80,100,21.09,light rain
271,bathsheba,BB,2022-05-01 19:58:30,13.2167,-59.5167,86.61,66,40,17.27,scattered clouds
272,hasaki,JP,2022-05-01 19:49:34,35.7333,140.8333,50.4,72,100,19.53,overcast clouds
273,damghan,IR,2022-05-01 19:58:31,36.1683,54.348,59.27,65,68,2.8,broken clouds
274,provideniya,RU,2022-05-01 19:58:32,64.3833,-173.3,27.03,67,30,11.72,scattered clouds
275,jujuy,RU,2022-05-01 19:58:32,64.3833,-173.3,27.03,67,30,11.72,scattered clouds
276,avarua,CK,2022-05-01 19:58:32,-21.2078,-159.775,80.65,83,20,4.61,few clouds
277,suleja,NG,2022-05-01 19:58:33,9.1758,7.1808,75.74,72,100,4.12,overcast clouds
278,moussoro,TD,2022-05-01 19:58:34,13.6408,16.4901,96.55,19,70,7.99,broken clouds
279,roswell,US,2022-05-01 19:58:34,34.0232,-84.3616,81.48,63,100,8.77,overcast clouds
280,iqaluit,CA,2022-05-01 19:58:35,63.7506,-68.5145,26.33,86,75,6.91,broken clouds
281,chihuahua,MX,2022-05-01 19:55:47,28.5,-106.0,85.68,7,33,10.02,scattered clouds
282,lazaro cardenas,MX,2022-05-01 19:58:35,17.9583,-102.2,85.48,44,81,11.7,broken clouds
283,musoma,TZ,2022-05-01 19:58:36,-1.5,33.8,69.82,88,75,0.0,broken clouds
284,alihe,CN,2022-05-01 19:58:37,50.5667,123.7167,32.88,53,96,3.2,overcast clouds
285,ambilobe,MG,2022-05-01 19:58:37,-13.2,49.05,73.63,96,65,2.98,broken clouds
286,ayolas,PY,2022-05-01 19:58:38,-27.4,-56.9,68.18,87,100,7.31,overcast clouds
287,dahra,DZ,2022-05-01 19:58:38,36.2546,0.8519,65.59,42,6,3.58,clear sky
288,road town,VG,2022-05-01 19:58:39,18.4167,-64.6167,80.69,81,100,14.09,overcast clouds
289,raudeberg,NO,2022-05-01 19:58:39,61.9875,5.1352,45.27,80,98,18.54,overcast clouds
290,barentsburg,NO,2022-05-01 19:58:39,61.9875,5.1352,45.27,80,98,18.54,overcast clouds
291,carahue,CL,2022-05-01 19:58:40,-38.7,-73.1667,56.61,67,4,5.7,clear sky
292,tazmalt,DZ,2022-05-01 19:58:41,36.3868,4.3989,60.39,75,4,2.01,clear sky
293,nunoa,PE,2022-05-01 19:58:41,-14.48,-70.6411,58.66,33,64,3.65,broken clouds
294,vila,PT,2022-05-01 19:58:42,42.0304,-8.1588,47.7,80,12,3.22,few clouds
295,ixtlan del rio,MX,2022-05-01 19:58:42,21.0333,-104.3667,96.91,7,98,7.02,overcast clouds
296,lompoc,US,2022-05-01 19:58:43,34.6391,-120.4579,73.69,63,0,27.0,clear sky
297,clyde river,CA,2022-05-01 19:58:43,70.4692,-68.5914,14.23,85,100,16.11,light snow
298,tsihombe,CA,2022-05-01 19:58:43,70.4692,-68.5914,14.23,85,100,16.11,light snow
299,tres arroyos,AR,2022-05-01 19:58:44,-38.3739,-60.2798,53.49,59,99,8.5,overcast clouds
300,flin flon,CA,2022-05-01 19:58:45,54.7682,-101.865,31.84,80,100,11.5,overcast clouds
301,sitka,US,2022-05-01 19:56:27,57.0531,-135.33,46.29,76,100,9.22,overcast clouds
302,luderitz,NA,2022-05-01 19:58:45,-26.6481,15.1594,70.48,32,0,8.21,clear sky
303,utiroa,NA,2022-05-01 19:58:45,-26.6481,15.1594,70.48,32,0,8.21,clear sky
304,bressanone,IT,2022-05-01 19:58:46,46.715,11.656,52.18,95,100,3.22,overcast clouds
305,katakwi,UG,2022-05-01 19:58:46,1.8911,33.9661,66.43,93,86,2.73,light rain
306,carson city,US,2022-05-01 19:58:47,39.1638,-119.7674,60.31,20,0,17.27,clear sky
307,san antonio,US,2022-05-01 19:55:00,29.4241,-98.4936,90.9,53,75,13.8,broken clouds
308,atar,MR,2022-05-01 19:58:47,20.5169,-13.0499,91.33,7,0,6.35,clear sky
309,pevek,RU,2022-05-01 19:58:47,69.7008,170.3133,6.33,80,91,5.46,overcast clouds
310,laguna,US,2022-05-01 19:58:48,38.421,-121.4238,77.29,33,0,16.11,clear sky
311,banda aceh,ID,2022-05-01 19:58:48,5.5577,95.3222,80.4,80,96,13.29,overcast clouds
312,karaul,ID,2022-05-01 19:58:48,5.5577,95.3222,80.4,80,96,13.29,overcast clouds
313,pisco,PE,2022-05-01 19:49:15,-13.7,-76.2167,70.02,68,0,6.91,clear sky
314,constitucion,CL,2022-05-01 19:58:49,-35.3333,-72.4167,58.17,63,99,13.6,overcast clouds
315,chapada dos guimaraes,BR,2022-05-01 19:58:49,-15.4606,-55.7497,87.46,41,28,2.19,scattered clouds
316,tual,ID,2022-05-01 19:58:50,-5.6667,132.75,83.61,74,74,12.53,broken clouds
317,tsienyane,ID,2022-05-01 19:58:50,-5.6667,132.75,83.61,74,74,12.53,broken clouds
318,kharan,PK,2022-05-01 19:58:50,28.5833,65.4167,83.84,16,2,9.37,clear sky
319,solna,SK,2022-05-01 19:58:51,49.2231,18.7394,55.58,64,0,2.3,clear sky
320,zhigansk,RU,2022-05-01 19:49:02,66.7697,123.3711,9.07,94,63,13.76,broken clouds
321,kahului,US,2022-05-01 19:56:53,20.8947,-156.47,73.85,92,63,3.0,broken clouds
322,sur,OM,2022-05-01 19:58:51,22.5667,59.5289,84.11,57,0,8.23,clear sky
323,kamennogorsk,RU,2022-05-01 19:58:52,60.9545,29.1339,41.56,93,99,5.26,overcast clouds
324,inhambane,MZ,2022-05-01 19:58:52,-23.865,35.3833,68.0,93,20,0.0,few clouds
325,quatre cocos,MU,2022-05-01 19:49:00,-20.2078,57.7625,75.31,83,11,5.68,few clouds
326,yeniseysk,RU,2022-05-01 19:58:53,58.4497,92.1703,35.11,89,100,10.83,light snow
327,vryburg,ZA,2022-05-01 19:58:53,-26.9566,24.7284,57.88,27,0,6.4,clear sky
328,payakumbuh,ID,2022-05-01 19:58:53,-0.2202,100.6308,69.3,98,100,3.44,moderate rain
329,lamar,US,2022-05-01 19:58:54,33.6668,-95.5836,78.78,38,100,8.37,overcast clouds
330,kavaratti,IN,2022-05-01 19:49:02,10.5669,72.642,84.49,72,69,9.86,broken clouds
331,vestmannaeyjar,IS,2022-05-01 19:58:54,63.4427,-20.2734,45.09,56,100,15.82,overcast clouds
332,grindavik,IS,2022-05-01 19:58:55,63.8424,-22.4338,42.75,65,0,8.05,clear sky
333,kedrovyy,RU,2022-05-01 19:58:55,56.1667,91.8167,34.21,86,100,11.14,overcast clouds
334,hakkari,TR,2022-05-01 19:58:55,37.5833,44.1667,47.16,83,95,4.16,overcast clouds
335,taoudenni,ML,2022-05-01 19:58:56,22.6783,-3.9836,83.53,18,2,9.8,clear sky
336,egvekinot,RU,2022-05-01 19:58:56,66.3167,-179.1667,10.51,77,19,7.29,few clouds
337,myitkyina,MM,2022-05-01 19:58:57,25.3833,97.4,66.4,94,38,2.51,scattered clouds
338,hirara,JP,2022-05-01 19:58:57,24.8,125.2833,67.95,85,100,24.45,light rain
339,acapulco,MX,2022-05-01 19:58:58,16.8634,-99.8901,87.73,46,70,8.46,broken clouds
340,faya,SA,2022-05-01 19:58:58,18.3851,42.4509,66.31,54,4,3.8,clear sky
341,ruatoria,SA,2022-05-01 19:58:58,18.3851,42.4509,66.31,54,4,3.8,clear sky
342,cherskiy,RU,2022-05-01 19:58:58,68.75,161.3,20.43,87,18,8.41,few clouds
343,pemangkat,ID,2022-05-01 19:58:59,1.1667,108.9667,79.23,87,98,5.35,overcast clouds
344,salvador,SV,2022-05-01 19:58:59,13.8333,-88.9167,85.05,39,100,2.62,overcast clouds
345,bubaque,GW,2022-05-01 19:59:00,11.2833,-15.8333,77.94,76,22,18.19,few clouds
346,komsomolskiy,UZ,2022-05-01 19:59:00,40.4272,71.7189,70.52,52,48,9.22,scattered clouds
347,wanning,CN,2022-05-01 19:59:01,18.8003,110.3967,70.56,95,100,15.21,overcast clouds
348,omsukchan,RU,2022-05-01 19:59:01,62.5333,155.8,20.84,100,97,7.72,overcast clouds
349,hualmay,PE,2022-05-01 19:59:01,-11.0964,-77.6139,70.09,76,38,7.96,scattered clouds
350,sijunjung,ID,2022-05-01 19:59:02,-0.6876,100.9537,72.1,97,100,2.42,overcast clouds
351,kristiansund,NO,2022-05-01 19:59:02,63.1115,7.732,46.45,70,75,16.11,broken clouds
352,grants,US,2022-05-01 19:59:03,35.1473,-107.8514,75.43,5,0,16.11,clear sky
353,natal,BR,2022-05-01 19:54:17,-5.795,-35.2094,86.22,70,40,16.11,scattered clouds
354,lokosovo,RU,2022-05-01 19:59:03,61.1333,74.8167,26.92,84,91,5.32,overcast clouds
355,san cristobal,VE,2022-05-01 19:59:04,7.7669,-72.225,86.18,61,25,6.26,scattered clouds
356,kangaatsiaq,GL,2022-05-01 19:59:04,68.3065,-53.4641,21.07,74,1,9.75,clear sky
357,pundaguitan,PH,2022-05-01 19:59:04,6.3711,126.1689,80.78,82,100,7.72,overcast clouds
358,mosquera,CO,2022-05-01 19:59:05,4.7059,-74.2302,68.09,49,75,12.66,broken clouds
359,tawkar,CO,2022-05-01 19:59:05,4.7059,-74.2302,68.09,49,75,12.66,broken clouds
360,yar-sale,RU,2022-05-01 19:59:05,66.8333,70.8333,10.42,90,15,7.27,few clouds
361,peniche,PT,2022-05-01 19:59:06,39.3558,-9.3811,61.29,79,95,17.47,overcast clouds
362,port lincoln,AU,2022-05-01 19:54:24,-34.7333,135.8667,58.26,88,0,8.61,clear sky
363,claresholm,CA,2022-05-01 19:59:06,50.0333,-113.5852,58.68,40,98,10.36,overcast clouds
364,buin,CL,2022-05-01 19:59:07,-33.7333,-70.75,71.92,36,0,5.35,clear sky
365,nizhniy ufaley,RU,2022-05-01 19:59:07,55.9153,59.9842,31.89,80,11,8.88,few clouds
366,pangnirtung,CA,2022-05-01 19:59:07,66.1451,-65.7125,26.6,93,100,9.22,light snow
367,nuuk,GL,2022-05-01 19:59:08,64.1835,-51.7216,31.87,74,99,11.01,overcast clouds
368,dunedin,NZ,2022-05-01 19:59:08,-45.8742,170.5036,56.8,92,11,1.99,few clouds
369,cockburn town,TC,2022-05-01 19:59:09,21.4612,-71.1419,78.76,73,75,17.27,broken clouds
370,porto novo,BJ,2022-05-01 19:59:09,6.4965,2.6036,82.54,76,100,7.4,overcast clouds
371,lavrentiya,RU,2022-05-01 19:59:09,65.5833,-171.0,17.2,85,21,11.54,few clouds
372,awjilah,LY,2022-05-01 19:55:37,29.1081,21.2869,94.33,14,100,14.45,overcast clouds
373,punta alta,AR,2022-05-01 19:59:10,-38.8759,-62.0736,55.56,61,99,7.31,overcast clouds
374,san bartolome de tirajana,ES,2022-05-01 19:59:10,27.9248,-15.5733,60.31,65,20,25.32,few clouds
375,miles city,US,2022-05-01 19:59:11,46.4083,-105.8406,56.46,36,100,12.66,overcast clouds
376,praya,CV,2022-05-01 19:59:11,14.9215,-23.5087,75.74,60,20,21.85,few clouds
377,saint-francois,FR,2022-05-01 19:59:11,46.4154,3.9054,53.04,66,0,3.44,clear sky
378,limbang,MY,2022-05-01 19:59:12,4.75,115.0,78.91,89,100,1.52,overcast clouds
379,lubango,AO,2022-05-01 19:55:27,-14.9172,13.4925,63.95,50,95,4.74,overcast clouds
380,chutung,AO,2022-05-01 19:55:27,-14.9172,13.4925,63.95,50,95,4.74,overcast clouds
381,fallon,US,2022-05-01 19:59:12,39.4735,-118.7774,58.91,35,4,12.17,clear sky
382,sevilla,ES,2022-05-01 19:56:29,37.3824,-5.9761,73.51,42,0,10.36,clear sky
383,erattupetta,IN,2022-05-01 19:59:13,9.7,76.7833,76.21,98,100,1.61,overcast clouds
384,west bay,KY,2022-05-01 19:59:13,19.3667,-81.4167,86.07,75,20,12.66,few clouds
385,shache,CN,2022-05-01 19:59:14,38.4167,77.2406,61.72,18,11,5.99,few clouds
386,hofn,IS,2022-05-01 19:49:18,64.2539,-15.2082,39.06,66,100,9.48,overcast clouds
387,aykhal,RU,2022-05-01 19:59:14,66.0,111.5,2.23,93,13,7.07,few clouds
388,ketchikan,US,2022-05-01 19:59:15,55.3422,-131.6461,45.41,93,100,12.33,moderate rain
389,sisimiut,GL,2022-05-01 19:59:15,66.9395,-53.6735,31.17,62,11,6.46,few clouds
390,fortuna,US,2022-05-01 19:59:15,40.5982,-124.1573,61.93,70,0,13.8,clear sky
391,paamiut,GL,2022-05-01 19:59:16,61.994,-49.6678,34.41,88,100,3.67,overcast clouds
392,meyungs,GL,2022-05-01 19:59:16,61.994,-49.6678,34.41,88,100,3.67,overcast clouds
393,tromso,NO,2022-05-01 19:59:16,69.6496,18.957,33.82,86,100,3.44,overcast clouds
394,varzea da palma,BR,2022-05-01 19:54:59,-17.5981,-44.7308,83.55,29,1,7.05,clear sky
395,vieste,IT,2022-05-01 19:59:17,41.8825,16.175,60.64,73,100,5.3,overcast clouds
396,ringkobing,DK,2022-05-01 19:59:17,56.0901,8.244,45.1,79,12,8.68,few clouds
397,altay,CN,2022-05-01 19:59:18,47.8667,88.1167,55.33,27,60,10.56,broken clouds
398,bohicon,BJ,2022-05-01 19:59:18,7.1783,2.0667,75.88,87,100,4.07,light rain
399,toccoa,US,2022-05-01 19:58:34,34.5773,-83.3324,80.24,60,75,0.0,broken clouds
400,jizan,SA,2022-05-01 19:59:19,17.3333,42.6667,88.74,65,17,2.8,few clouds
401,batagay-alyta,RU,2022-05-01 19:59:19,67.8006,130.4114,10.36,87,100,6.33,overcast clouds
402,bilibino,RU,2022-05-01 19:59:19,68.0546,166.4372,10.92,77,45,1.99,scattered clouds
403,pandan,PH,2022-05-01 19:59:20,14.0453,124.1694,77.27,85,90,4.52,overcast clouds
404,broome,US,2022-05-01 19:59:20,42.2506,-75.833,71.71,25,100,4.0,overcast clouds
405,les cayes,HT,2022-05-01 19:59:21,18.2,-73.75,78.82,82,100,12.35,overcast clouds
406,vagay,RU,2022-05-01 19:59:21,57.9375,69.0217,36.01,79,100,4.29,overcast clouds
407,yuzhno-kurilsk,RU,2022-05-01 19:59:21,44.0306,145.8556,39.0,93,100,20.31,moderate rain
408,lata,PT,2022-05-01 19:59:22,40.1629,-8.3327,54.91,91,19,5.91,few clouds
409,arman,RU,2022-05-01 19:59:22,59.7,150.1667,32.63,80,30,0.92,scattered clouds
410,sao filipe,CV,2022-05-01 19:59:23,14.8961,-24.4956,74.34,73,0,11.41,clear sky
411,dutlwe,BW,2022-05-01 19:59:23,-23.9833,23.9,66.74,35,0,9.01,clear sky
412,kamaishi,JP,2022-05-01 19:59:23,39.2667,141.8833,43.48,89,3,5.7,clear sky
413,zhangye,CN,2022-05-01 19:59:24,38.9342,100.4517,48.29,28,0,5.17,clear sky
414,ca mau,VN,2022-05-01 19:59:24,9.1769,105.15,79.11,88,100,2.89,overcast clouds
415,los llanos de aridane,ES,2022-05-01 19:59:25,28.6585,-17.9182,65.95,85,0,14.97,clear sky
416,maceio,BR,2022-05-01 19:59:25,-9.6658,-35.7353,81.84,74,40,10.36,scattered clouds
417,mackay,AU,2022-05-01 19:55:06,-21.15,149.2,70.68,94,40,8.05,scattered clouds
418,vorontsovka,RU,2022-05-01 19:59:25,50.6132,40.3549,41.7,53,6,4.03,clear sky
419,isla mujeres,MX,2022-05-01 19:59:26,21.2311,-86.731,84.16,66,2,11.32,clear sky
420,mumford,GH,2022-05-01 19:49:32,5.2618,-0.759,81.86,82,100,10.07,overcast clouds
421,tukrah,LY,2022-05-01 19:59:26,32.5341,20.5791,77.97,30,76,33.98,broken clouds
422,beringovskiy,RU,2022-05-01 19:59:27,63.05,179.3167,14.94,87,95,14.09,overcast clouds
423,te anau,NZ,2022-05-01 19:59:27,-45.4167,167.7167,47.03,92,19,2.57,few clouds
424,sovetskiy,RU,2022-05-01 19:59:28,61.3614,63.5842,30.07,94,100,11.81,light snow
425,disna,BY,2022-05-01 19:56:32,55.568,28.1971,46.04,55,100,4.94,overcast clouds
426,jandaia do sul,BR,2022-05-01 19:59:28,-23.6031,-51.6433,79.45,78,16,0.31,few clouds
427,ust-maya,RU,2022-05-01 19:59:28,60.4167,134.5333,31.26,83,92,8.66,overcast clouds
428,moorhead,US,2022-05-01 19:59:29,46.8739,-96.7676,42.98,84,0,23.02,clear sky
429,bud,US,2022-05-01 19:59:29,39.447,-86.1758,71.02,70,98,16.28,overcast clouds
430,samfya,ZM,2022-05-01 19:59:30,-11.3649,29.5565,66.18,70,94,9.73,overcast clouds
431,neon karlovasion,GR,2022-05-01 19:59:30,37.7903,26.7044,65.91,75,98,11.03,overcast clouds
432,kannur,IN,2022-05-01 19:59:30,11.8675,75.3576,77.99,84,99,3.8,overcast clouds
433,ouesso,CG,2022-05-01 19:59:31,1.6136,16.0517,76.71,67,88,3.27,overcast clouds
434,haines junction,CA,2022-05-01 19:59:31,60.7522,-137.5108,40.95,60,100,4.61,overcast clouds
435,manono,CD,2022-05-01 19:59:32,-7.3,27.4167,71.1,92,100,1.03,overcast clouds
436,baglung,NP,2022-05-01 19:59:32,28.2719,83.5898,64.63,73,100,4.83,overcast clouds
437,bolondron,CU,2022-05-01 19:59:33,22.7633,-81.4469,86.85,43,74,14.5,broken clouds
438,baturaja,ID,2022-05-01 19:59:33,-4.1333,104.1667,73.69,99,100,1.99,overcast clouds
439,najran,SA,2022-05-01 19:54:57,17.4924,44.1277,81.25,25,5,4.76,clear sky
440,lincoln,US,2022-05-01 19:54:52,40.8,-96.667,67.28,45,47,7.0,scattered clouds
441,forestville,US,2022-05-01 19:59:34,38.8451,-76.875,58.15,82,75,0.0,broken clouds
442,adrar,MR,2022-05-01 19:59:34,20.5022,-10.0711,85.57,10,1,9.1,clear sky
443,nizhnevartovsk,RU,2022-05-01 19:59:34,60.9344,76.5531,33.82,51,0,4.47,clear sky
444,poco verde,BR,2022-05-01 19:59:35,-10.7083,-38.1833,75.9,77,86,11.05,overcast clouds
445,berlevag,NO,2022-05-01 19:59:35,70.8578,29.0864,22.95,86,75,6.91,broken clouds
446,zdvinsk,RU,2022-05-01 19:59:36,54.7021,78.661,48.79,71,85,9.89,overcast clouds
447,mrirt,RU,2022-05-01 19:59:36,54.7021,78.661,48.79,71,85,9.89,overcast clouds
448,kuntaur,GM,2022-05-01 19:59:36,13.6667,-14.8833,97.12,11,51,2.75,broken clouds
449,lamu,KE,2022-05-01 19:59:36,-2.2717,40.902,79.74,84,100,16.58,light rain
450,muscat,OM,2022-05-01 19:59:22,23.6139,58.5922,86.07,45,0,6.42,clear sky
451,monticello,US,2022-05-01 19:59:37,45.3055,-93.7941,47.86,90,100,17.27,light rain
452,iranshahr,IR,2022-05-01 19:59:37,27.2025,60.6848,82.74,34,0,13.8,clear sky
453,narsaq,GL,2022-05-01 19:59:38,60.9167,-46.05,44.06,69,24,3.27,few clouds
454,bilma,NE,2022-05-01 19:59:38,18.6853,12.9164,96.28,10,73,9.08,broken clouds
455,katsuura,JP,2022-05-01 19:56:52,35.1333,140.3,54.14,83,100,14.45,overcast clouds
456,xucheng,CN,2022-05-01 19:59:39,20.35,110.1288,62.24,92,100,14.23,overcast clouds
457,jalu,LY,2022-05-01 19:59:39,29.0331,21.5482,91.58,13,100,8.63,overcast clouds
458,wajir,KE,2022-05-01 19:59:39,1.7471,40.0573,77.54,82,100,11.88,light rain
459,rundu,NA,2022-05-01 19:59:40,-17.9333,19.7667,71.04,37,67,3.09,broken clouds
460,mocuba,MZ,2022-05-01 19:59:40,-16.8392,36.9856,65.25,97,0,3.42,clear sky
461,bandarawela,LK,2022-05-01 19:59:41,6.8305,80.9888,64.06,78,93,5.06,overcast clouds
462,toamasina,MG,2022-05-01 19:59:41,-18.1667,49.3833,73.4,94,20,4.61,few clouds
463,sangar,RU,2022-05-01 19:59:41,63.9242,127.4739,33.1,89,100,17.2,light snow
464,mutsamudu,RU,2022-05-01 19:59:41,63.9242,127.4739,33.1,89,100,17.2,light snow
465,dicabisagan,PH,2022-05-01 19:59:42,17.0818,122.4157,77.36,86,88,2.15,overcast clouds
466,bajil,YE,2022-05-01 19:59:42,15.0584,43.2851,90.95,42,6,1.3,clear sky
467,ponta do sol,PT,2022-05-01 19:59:43,32.6667,-17.1,67.12,60,0,3.89,clear sky
468,surt,LY,2022-05-01 19:59:43,31.2089,16.5887,66.47,76,0,28.54,clear sky
469,kaitangata,NZ,2022-05-01 19:59:44,-46.2817,169.8464,47.66,94,15,5.01,few clouds
470,kommunisticheskiy,RU,2022-05-01 19:59:44,61.6789,64.4819,31.91,99,100,6.55,snow
471,naftah,RU,2022-05-01 19:59:44,61.6789,64.4819,31.91,99,100,6.55,snow
472,sataua,RU,2022-05-01 19:59:44,61.6789,64.4819,31.91,99,100,6.55,snow
473,ratnagiri,IN,2022-05-01 19:59:45,16.9833,73.3,81.82,80,0,5.3,clear sky
474,nerchinskiy zavod,RU,2022-05-01 19:59:45,51.3088,119.61,39.11,51,95,8.41,overcast clouds
475,sistranda,NO,2022-05-01 19:59:45,63.7256,8.834,44.56,83,100,32.17,overcast clouds
476,rawson,AR,2022-05-01 19:59:07,-43.3002,-65.1023,53.04,52,100,7.0,overcast clouds
477,naerbo,NO,2022-05-01 19:59:46,58.6667,5.65,46.81,76,64,7.67,broken clouds
478,leshukonskoye,RU,2022-05-01 19:59:46,64.8989,45.7622,23.09,91,71,5.26,broken clouds
479,sobolevo,RU,2022-05-01 19:59:47,54.4299,31.8996,41.59,68,89,1.1,overcast clouds
480,talnakh,RU,2022-05-01 19:59:47,69.4865,88.3972,13.95,96,99,5.19,light snow
481,develi,TR,2022-05-01 19:59:47,38.3906,35.4922,49.35,83,78,2.89,broken clouds
482,mao,ES,2022-05-01 19:59:48,39.8885,4.2658,61.36,82,0,3.44,clear sky
483,bakchar,RU,2022-05-01 19:59:48,57.0186,82.0711,39.15,69,100,8.52,overcast clouds
484,saint-augustin,CA,2022-05-01 19:59:49,51.226,-58.6502,36.84,80,100,20.89,overcast clouds
485,harnosand,SE,2022-05-01 19:59:49,62.6323,17.9379,46.42,69,100,5.5,light rain
486,abu kamal,SY,2022-05-01 19:59:49,34.4506,40.9171,73.08,50,0,6.69,clear sky
487,panzhihua,CN,2022-05-01 19:59:50,26.5851,101.7128,53.64,81,100,2.59,light rain
488,birsk,RU,2022-05-01 19:59:50,55.4211,55.5428,32.95,67,0,6.04,clear sky
489,zachagansk,RU,2022-05-01 19:59:50,55.4211,55.5428,32.95,67,0,6.04,clear sky
490,antofagasta,CL,2022-05-01 19:59:51,-23.65,-70.4,61.88,72,12,7.81,few clouds
491,benavente,ES,2022-05-01 19:59:51,42.0025,-5.6783,56.48,75,100,12.33,overcast clouds
492,marsh harbour,BS,2022-05-01 19:59:52,26.5412,-77.0636,75.83,73,23,16.15,few clouds
493,ovre ardal,NO,2022-05-01 19:59:52,61.3167,7.8,43.68,95,100,3.87,overcast clouds
494,tessalit,ML,2022-05-01 19:59:52,20.1986,1.0114,82.76,12,47,9.28,scattered clouds
495,eldikan,ML,2022-05-01 19:59:52,20.1986,1.0114,82.76,12,47,9.28,scattered clouds
496,kismayo,SO,2022-05-01 19:59:53,-0.3582,42.5454,81.12,81,100,14.16,light rain
497,awbari,LY,2022-05-01 19:59:53,26.5921,12.7805,72.21,36,0,19.33,clear sky
498,galle,LK,2022-05-01 19:59:54,6.0367,80.217,81.39,84,98,13.85,overcast clouds
499,canakkale,TR,2022-05-01 19:59:54,40.0833,26.8333,47.71,95,72,7.61,broken clouds
500,terrasini,IT,2022-05-01 19:59:55,38.146,13.0844,60.37,76,0,3.44,clear sky
501,gamba,GA,2022-05-01 19:59:55,-2.65,10.0,78.06,89,85,5.37,light rain
502,faanui,PF,2022-05-01 19:59:55,-16.4833,-151.75,80.85,73,19,10.71,light rain
503,guadalajara,MX,2022-05-01 19:57:58,20.6667,-103.3333,91.98,10,100,1.99,overcast clouds
504,igboho,NG,2022-05-01 19:59:56,8.8333,3.75,71.82,91,100,10.83,moderate rain
505,san patricio,US,2022-05-01 19:59:56,28.017,-97.5169,90.16,56,66,18.72,broken clouds
506,sao bernardo,BR,2022-05-01 19:59:57,-3.3614,-42.4178,79.5,91,60,3.85,broken clouds
507,male,MV,2022-05-01 19:59:57,4.1748,73.5089,85.95,74,75,18.41,broken clouds
508,maragogi,BR,2022-05-01 19:59:58,-9.0122,-35.2225,78.42,83,73,9.15,broken clouds
509,pishin,PK,2022-05-01 19:59:58,30.5803,66.9961,76.93,16,78,3.42,broken clouds
510,alotau,PK,2022-05-01 19:59:58,30.5803,66.9961,76.93,16,78,3.42,broken clouds
511,bairiki,KI,2022-05-01 19:59:58,1.3292,172.9752,78.8,94,40,6.91,light rain
512,miri,MY,2022-05-01 19:59:59,4.4148,114.0089,77.14,100,20,1.14,few clouds
513,tabou,CI,2022-05-01 19:59:59,4.423,-7.3528,80.92,80,95,7.94,overcast clouds
514,ginir,ET,2022-05-01 20:00:00,7.1333,40.7,59.23,90,100,3.87,overcast clouds
515,altamira,BR,2022-05-01 20:00:00,-3.2033,-52.2064,86.09,66,40,2.3,scattered clouds
516,longyearbyen,SJ,2022-05-01 20:00:01,78.2186,15.6401,13.84,67,75,10.36,broken clouds
517,college,US,2022-05-01 20:00:01,64.8569,-147.8028,54.59,39,100,3.0,overcast clouds
518,vila franca do campo,PT,2022-05-01 20:00:02,37.7167,-25.4333,64.81,79,43,2.53,scattered clouds
519,digboi,IN,2022-05-01 20:00:03,27.3833,95.6333,68.34,83,100,2.44,overcast clouds
520,sioux lookout,CA,2022-05-01 20:00:06,50.1001,-91.917,39.0,100,100,4.43,overcast clouds
521,nizwa,OM,2022-05-01 20:00:07,22.9333,57.5333,81.43,26,0,4.9,clear sky
522,yeppoon,AU,2022-05-01 20:00:07,-23.1333,150.7333,65.98,90,93,12.64,overcast clouds
523,chumikan,RU,2022-05-01 20:00:08,54.7183,135.315,27.16,98,94,2.59,overcast clouds
524,paldiski,EE,2022-05-01 20:00:11,59.3567,24.0531,41.25,70,0,4.61,clear sky
525,kabo,CF,2022-05-01 20:00:13,7.6994,18.629,79.27,64,100,6.44,overcast clouds
526,petropavlovsk-kamchatskiy,RU,2022-05-01 20:00:13,53.0452,158.6483,32.59,80,75,4.47,broken clouds
527,scarborough,GB,2022-05-01 20:00:14,54.2797,-0.4044,53.91,82,100,5.01,overcast clouds
528,karratha,AU,2022-05-01 20:00:14,-20.7377,116.8463,80.58,50,100,12.19,overcast clouds
529,rio claro,BR,2022-05-01 20:00:14,-22.4114,-47.5614,76.59,62,73,2.55,broken clouds
530,rafraf,TN,2022-05-01 20:00:15,37.1904,10.1837,62.91,84,15,19.08,few clouds
531,marawi,PH,2022-05-01 20:00:15,7.9986,124.2928,70.0,97,97,0.96,overcast clouds
532,mount isa,AU,2022-05-01 20:00:16,-20.7333,139.5,69.57,68,23,10.36,few clouds
533,adolfo lopez mateos,MX,2022-05-01 20:00:16,28.4667,-107.3,79.93,5,25,19.84,scattered clouds
534,maniitsoq,GL,2022-05-01 20:00:17,65.4167,-52.9,30.94,70,97,11.32,overcast clouds
535,nicoya,CR,2022-05-01 20:00:17,10.1483,-85.452,88.63,56,100,5.44,overcast clouds
536,los algarrobos,PA,2022-05-01 20:00:18,8.5,-82.4333,85.42,70,100,5.59,overcast clouds
537,shenjiamen,CN,2022-05-01 20:00:18,29.9576,122.298,55.47,74,100,3.65,overcast clouds
538,sagaing,MM,2022-05-01 20:00:19,21.8787,95.9797,86.83,48,1,4.27,clear sky
539,erdemli,TR,2022-05-01 20:00:19,36.605,34.3084,71.19,78,8,4.5,clear sky
540,hervey bay,AU,2022-05-01 20:00:19,-25.2986,152.8535,67.01,95,100,11.01,overcast clouds
541,lerwick,GB,2022-05-01 20:00:20,60.1545,-1.1494,46.4,95,100,9.42,overcast clouds
542,luis correia,BR,2022-05-01 20:00:20,-2.8792,-41.6669,80.26,88,99,7.09,overcast clouds
543,arcachon,FR,2022-05-01 20:00:21,44.5875,-1.0519,61.41,88,0,4.61,clear sky
544,lorengau,PG,2022-05-01 20:00:21,-2.0226,147.2712,80.58,81,73,5.77,broken clouds
545,hudson bay,CA,2022-05-01 20:00:22,52.85,-102.3842,38.68,85,100,7.47,overcast clouds
546,asyut,EG,2022-05-01 20:00:22,27.181,31.1837,81.23,19,7,7.87,clear sky
547,comodoro rivadavia,AR,2022-05-01 20:00:01,-45.8667,-67.5,46.99,82,100,5.46,light rain
548,omboue,GA,2022-05-01 20:00:23,-1.5746,9.2618,78.98,88,82,5.66,light rain
549,luba,GQ,2022-05-01 20:00:23,3.4568,8.5547,81.81,81,92,8.59,overcast clouds
550,ajaccio,FR,2022-05-01 20:00:23,42.0,8.9167,55.38,77,20,3.44,few clouds
551,saint-georges,GD,2022-05-01 20:00:24,12.0564,-61.7485,81.55,70,16,15.64,few clouds
552,chimbote,PE,2022-05-01 20:00:24,-9.0853,-78.5783,69.44,78,83,9.24,broken clouds
553,wakefield,GB,2022-05-01 20:00:25,53.6809,-1.499,55.24,83,100,1.45,overcast clouds
554,severnyy,RU,2022-05-01 20:00:25,50.677,36.5532,44.64,53,0,4.47,clear sky
555,oga,IT,2022-05-01 20:00:26,46.4631,10.347,41.54,92,93,4.34,overcast clouds
556,leningradskiy,RU,2022-05-01 20:00:26,69.3833,178.4167,10.2,78,44,6.96,scattered clouds
557,popondetta,PG,2022-05-01 20:00:27,-8.7537,148.2534,72.7,97,78,3.13,broken clouds
558,marabba,SD,2022-05-01 20:00:27,12.35,32.1833,96.22,17,97,8.19,overcast clouds
559,arlit,NE,2022-05-01 20:00:27,18.7369,7.3853,89.8,10,2,11.36,clear sky
560,asau,RO,2022-05-01 20:00:28,46.4333,26.4,51.28,81,48,1.3,scattered clouds
561,churapcha,RU,2022-05-01 20:00:28,62.0025,132.4325,31.75,87,9,12.73,clear sky
562,cumaribo,RU,2022-05-01 20:00:28,62.0025,132.4325,31.75,87,9,12.73,clear sky
563,atakpame,TG,2022-05-01 20:00:29,7.5333,1.1333,72.9,90,100,3.44,overcast clouds
564,masakin,TN,2022-05-01 20:00:29,35.7292,10.5808,63.86,68,20,4.61,few clouds
565,andros town,BS,2022-05-01 20:00:27,24.7,-77.7667,78.66,67,5,16.15,clear sky
566,avera,US,2022-05-01 20:00:30,33.194,-82.5271,84.54,54,100,7.67,overcast clouds
567,saleaula,US,2022-05-01 20:00:30,33.194,-82.5271,84.54,54,100,7.67,overcast clouds
568,bulgan,MN,2022-05-01 20:00:30,48.8125,103.5347,51.67,25,63,3.89,broken clouds
569,lasa,IT,2022-05-01 20:00:31,46.6166,10.7002,46.69,90,99,4.43,overcast clouds
570,agbor,NG,2022-05-01 20:00:31,6.2518,6.1934,78.66,77,90,2.06,overcast clouds
571,rawatsar,IN,2022-05-01 20:00:31,29.2833,74.3833,90.43,19,0,12.62,clear sky
572,garowe,SO,2022-05-01 20:00:32,8.4054,48.4845,82.24,65,22,14.74,light rain
573,kamenka,RU,2022-05-01 20:00:32,51.3223,42.7678,40.35,57,22,5.01,few clouds
574,effingham,US,2022-05-01 20:00:33,32.3669,-81.3332,84.65,47,70,8.19,broken clouds
575,kuche,US,2022-05-01 20:00:33,32.3669,-81.3332,84.65,47,70,8.19,broken clouds
576,berasia,IN,2022-05-01 20:00:33,23.6333,77.4333,90.84,20,58,5.26,broken clouds
577,trincomalee,LK,2022-05-01 20:00:33,8.5711,81.2335,82.38,79,67,15.9,broken clouds
578,ballina,AU,2022-05-01 20:00:34,-28.8667,153.5667,62.02,99,21,11.01,few clouds
579,itarema,BR,2022-05-01 20:00:34,-2.9248,-39.9167,80.53,81,89,13.85,overcast clouds
580,opuwo,NA,2022-05-01 20:00:35,-18.0607,13.84,73.51,37,37,7.07,scattered clouds
581,tecoanapa,MX,2022-05-01 20:00:35,16.5167,-98.75,86.94,50,95,11.25,overcast clouds
582,padang,ID,2022-05-01 20:00:36,-0.9492,100.3543,77.25,88,100,4.21,overcast clouds
583,muli,MV,2022-05-01 20:00:36,2.9167,73.5667,85.84,72,94,20.0,overcast clouds
584,shitanjing,CN,2022-05-01 20:00:36,39.2342,106.3439,50.5,17,15,12.26,few clouds
585,niono,ML,2022-05-01 20:00:37,14.2526,-5.993,97.3,21,71,6.02,broken clouds
586,nome,US,2022-05-01 20:00:37,64.5011,-165.4064,42.87,57,0,21.85,clear sky
587,tazovskiy,RU,2022-05-01 20:00:38,67.4667,78.7,12.27,97,98,8.43,overcast clouds
588,grand centre,RU,2022-05-01 20:00:38,67.4667,78.7,12.27,97,98,8.43,overcast clouds
589,ilulissat,GL,2022-05-01 20:00:38,69.2167,-51.1,21.22,70,66,3.22,broken clouds
590,colac,AU,2022-05-01 19:58:20,-38.3333,143.5833,55.83,86,100,5.14,overcast clouds
591,anadyr,RU,2022-05-01 20:00:39,64.75,177.4833,15.01,85,53,8.41,broken clouds
592,visby,SE,2022-05-01 20:00:39,57.6409,18.296,41.83,75,14,2.3,few clouds
593,ubaitaba,BR,2022-05-01 20:00:39,-14.3125,-39.3233,77.45,71,4,5.08,clear sky
594,puerto carreno,CO,2022-05-01 20:00:40,6.189,-67.4859,86.0,63,55,0.94,broken clouds
595,doka,SD,2022-05-01 20:00:40,13.5167,35.7667,95.32,16,48,6.69,scattered clouds
596,zyryanka,RU,2022-05-01 20:00:41,65.75,150.85,31.23,91,98,7.23,overcast clouds
597,srandakan,ID,2022-05-01 20:00:41,-7.9386,110.2506,77.29,90,98,3.96,overcast clouds
598,poya,NC,2022-05-01 20:00:41,-21.35,165.15,73.92,88,2,3.56,clear sky
599,tahe,CN,2022-05-01 20:00:42,52.3333,124.7333,31.6,45,100,4.68,overcast clouds
600,endicott,US,2022-05-01 19:57:11,42.0984,-76.0494,72.05,23,100,5.01,overcast clouds
601,diglur,IN,2022-05-01 20:00:42,18.55,77.6,94.71,17,70,6.22,broken clouds
602,watertown,US,2022-05-01 20:00:43,42.3709,-71.1828,73.71,38,6,8.99,clear sky
603,alizai,PK,2022-05-01 20:00:43,33.5383,70.3462,80.89,23,25,4.18,scattered clouds
604,general teran,MX,2022-05-01 20:00:44,25.2667,-99.6833,96.39,34,29,19.19,scattered clouds
605,chittaurgarh,IN,2022-05-01 20:00:44,24.8833,74.6333,90.16,24,9,13.09,clear sky
606,winneba,GH,2022-05-01 20:00:44,5.3511,-0.6231,81.41,82,100,9.57,overcast clouds
607,malakal,SS,2022-05-01 20:00:12,9.5334,31.6605,91.22,28,96,3.31,overcast clouds
608,urucara,BR,2022-05-01 20:00:45,-2.5364,-57.76,82.85,83,27,2.3,scattered clouds
609,atambua,ID,2022-05-01 20:00:45,-9.1061,124.8925,72.12,90,58,4.59,broken clouds
610,ulladulla,AU,2022-05-01 20:00:46,-35.35,150.4667,54.12,73,11,4.36,few clouds
611,guerrero negro,MX,2022-05-01 20:00:46,27.9769,-114.0611,70.25,52,0,15.19,clear sky
612,monrovia,LR,2022-05-01 19:56:13,6.3005,-10.7969,81.57,81,100,8.5,overcast clouds
613,rungata,LR,2022-05-01 19:56:13,6.3005,-10.7969,81.57,81,100,8.5,overcast clouds
614,necochea,AR,2022-05-01 20:00:47,-38.5473,-58.7368,52.77,58,98,10.85,overcast clouds
615,calvinia,ZA,2022-05-01 20:00:47,-31.4707,19.776,62.46,27,0,3.8,clear sky
616,baruun-urt,MN,2022-05-01 20:00:48,46.6806,113.2792,47.28,62,35,9.17,scattered clouds
617,xiongshi,MN,2022-05-01 20:00:48,46.6806,113.2792,47.28,62,35,9.17,scattered clouds
618,heilbron,ZA,2022-05-01 20:00:48,-27.2812,27.9709,53.29,41,0,4.41,clear sky
619,nalut,LY,2022-05-01 20:00:49,30.3333,10.85,61.32,50,0,10.11,clear sky
620,pontianak,ID,2022-05-01 20:00:49,-0.0333,109.3333,76.98,100,100,1.14,overcast clouds
621,yaan,NG,2022-05-01 20:00:49,7.3833,8.5667,82.27,61,96,4.83,overcast clouds
622,am timan,TD,2022-05-01 20:00:50,11.0297,20.2827,92.84,31,43,5.26,scattered clouds
623,elizabeth city,US,2022-05-01 20:00:50,36.2946,-76.2511,80.62,59,75,1.01,broken clouds
624,roma,US,2022-05-01 20:00:51,43.2128,-75.4557,71.74,25,0,9.22,clear sky
625,arrifes,PT,2022-05-01 20:00:51,37.7667,-25.7,62.85,72,20,8.05,few clouds
626,meulaboh,ID,2022-05-01 20:00:51,4.1363,96.1285,76.66,90,100,3.33,overcast clouds
627,rumonge,BI,2022-05-01 20:00:52,-3.9736,29.4386,71.26,85,100,4.12,light rain
628,ligayan,PH,2022-05-01 20:00:52,4.6533,119.4706,82.81,79,58,8.46,broken clouds
629,sergeyevka,KZ,2022-05-01 20:00:53,53.88,67.4158,39.67,86,92,7.4,overcast clouds
630,velikiy ustyug,RU,2022-05-01 20:00:53,60.7644,46.3106,29.55,91,16,4.99,few clouds
631,baykit,RU,2022-05-01 20:00:54,61.67,96.37,20.12,94,44,2.57,scattered clouds
632,wau,SS,2022-05-01 20:00:54,7.7029,27.9953,83.34,42,11,4.85,few clouds
633,caravelas,BR,2022-05-01 20:00:54,-17.7125,-39.2481,77.61,75,0,6.17,clear sky
634,hoa binh,VN,2022-05-01 20:00:55,20.8133,105.3383,66.63,74,90,2.19,overcast clouds
635,sinkat,VN,2022-05-01 20:00:55,20.8133,105.3383,66.63,74,90,2.19,overcast clouds
636,gazanjyk,TM,2022-05-01 20:00:55,39.2446,55.5154,66.16,71,100,11.1,overcast clouds
637,bon air,US,2022-05-01 20:00:05,37.5249,-77.5578,81.01,57,100,3.0,overcast clouds
638,dimbokro,CI,2022-05-01 20:00:56,6.6451,-4.7048,81.36,77,100,5.57,overcast clouds
639,bjornevatn,NO,2022-05-01 20:00:56,69.6672,29.9847,26.94,86,75,5.75,broken clouds
640,palatka,US,2022-05-01 19:57:03,29.6486,-81.6376,86.45,47,90,8.97,overcast clouds
641,cabo san lucas,MX,2022-05-01 19:59:06,22.8909,-109.9124,83.61,54,43,11.34,scattered clouds
642,hoshiarpur,IN,2022-05-01 20:00:57,31.5322,75.9172,82.72,23,1,7.45,clear sky
643,rio grande,BR,2022-05-01 19:57:07,-32.035,-52.0986,71.71,68,0,10.47,clear sky
644,phan rang,BR,2022-05-01 19:57:07,-32.035,-52.0986,71.71,68,0,10.47,clear sky
645,makakilo city,US,2022-05-01 20:00:57,21.3469,-158.0858,77.32,68,75,18.41,broken clouds
646,nguiu,US,2022-05-01 20:00:57,21.3469,-158.0858,77.32,68,75,18.41,broken clouds
647,darhan,MN,2022-05-01 20:00:58,49.4867,105.9228,55.62,32,99,4.16,overcast clouds
648,turinsk,RU,2022-05-01 20:00:58,58.0458,63.696,35.37,95,100,12.84,light rain
649,lahaina,US,2022-05-01 20:00:59,20.8783,-156.6825,74.8,92,45,14.03,scattered clouds
650,ubatuba,BR,2022-05-01 19:57:40,-23.4339,-45.0711,77.32,80,72,1.99,broken clouds
651,san juan,AR,2022-05-01 19:59:30,-31.5375,-68.5364,67.6,35,2,9.53,clear sky
652,kuah,MY,2022-05-01 20:00:59,6.3265,99.8432,84.45,74,100,7.05,overcast clouds
653,hami,CN,2022-05-01 20:01:00,42.8,93.45,62.19,11,4,5.32,clear sky
654,khairpur,PK,2022-05-01 20:01:00,27.5295,68.7617,97.48,20,58,15.64,broken clouds
655,muravlenko,RU,2022-05-01 20:01:00,63.7898,74.523,19.67,86,50,7.4,scattered clouds
656,lingao,CN,2022-05-01 20:01:01,19.9103,109.6859,66.13,93,100,16.49,overcast clouds
657,perevolotskiy,RU,2022-05-01 20:01:02,51.8763,54.1938,39.78,67,2,12.59,clear sky
658,nioro,GM,2022-05-01 20:01:02,13.35,-15.75,86.94,31,17,12.44,few clouds
659,chaa-khol,GM,2022-05-01 20:01:02,13.35,-15.75,86.94,31,17,12.44,few clouds
660,dudinka,RU,2022-05-01 20:01:03,69.4058,86.1778,11.89,97,96,8.48,overcast clouds
661,nelson bay,AU,2022-05-01 20:01:03,-32.7167,152.15,57.09,96,37,3.76,scattered clouds
662,vernon,CA,2022-05-01 20:01:03,50.2581,-119.2691,67.75,32,100,1.48,overcast clouds
663,tuy hoa,VN,2022-05-01 20:01:04,13.0833,109.3,77.11,93,100,3.06,overcast clouds
664,buariki,VN,2022-05-01 20:01:04,13.0833,109.3,77.11,93,100,3.06,overcast clouds
665,jesenice,SI,2022-05-01 20:01:06,46.4306,14.0669,51.33,96,100,2.73,overcast clouds
666,andra,RU,2022-05-01 20:01:06,62.5147,65.8878,29.21,97,100,5.03,overcast clouds
667,port keats,AU,2022-05-01 20:01:07,-14.25,129.55,75.16,44,100,9.64,overcast clouds
668,guanica,PR,2022-05-01 20:01:07,17.9716,-66.908,85.5,75,100,10.25,overcast clouds
669,contamana,PE,2022-05-01 20:01:08,-7.3333,-75.0167,87.66,53,94,3.67,overcast clouds
670,waw,SS,2022-05-01 20:01:08,7.7029,27.9953,83.34,42,11,4.85,few clouds
671,chajul,GT,2022-05-01 20:01:08,15.4853,-91.0342,74.52,42,92,7.96,overcast clouds
672,pilao arcado,GT,2022-05-01 20:01:08,15.4853,-91.0342,74.52,42,92,7.96,overcast clouds
673,lokomotivnyy,RU,2022-05-01 20:01:09,53.0118,60.5684,44.31,70,54,12.66,broken clouds
674,privolzhskiy,RU,2022-05-01 20:01:09,51.4,46.0333,47.3,8,5,6.44,clear sky
675,harlev,DK,2022-05-01 20:01:10,55.3494,12.2338,48.11,78,38,5.73,scattered clouds
676,qixia,CN,2022-05-01 20:01:10,37.2975,120.8256,50.49,28,35,4.56,scattered clouds
677,abu samrah,SY,2022-05-01 20:01:10,35.3029,37.1841,60.89,74,0,9.19,clear sky
678,stokmarknes,NO,2022-05-01 20:01:11,68.5646,14.9108,37.38,93,75,6.91,shower rain
679,yinchuan,CN,2022-05-01 20:01:11,38.4681,106.2731,56.52,13,9,4.38,clear sky
680,lysva,RU,2022-05-01 20:01:12,58.1086,57.8053,29.08,82,14,4.88,few clouds
681,vysokogornyy,RU,2022-05-01 20:01:12,50.1167,139.15,26.1,98,100,2.64,overcast clouds
682,valday,RU,2022-05-01 20:01:13,57.9747,33.2525,34.14,84,32,3.53,scattered clouds
683,terekli-mekteb,RU,2022-05-01 20:01:13,44.1671,45.8698,55.94,65,100,7.4,overcast clouds
684,assiniboia,CA,2022-05-01 19:57:15,49.6334,-105.9845,57.02,24,100,9.22,overcast clouds
685,neyshabur,IR,2022-05-01 20:01:14,36.2133,58.7958,64.87,58,100,2.57,overcast clouds
686,wentzville,US,2022-05-01 19:57:06,38.8114,-90.8529,71.15,46,17,7.0,few clouds
687,voh,NC,2022-05-01 20:01:14,-20.9667,164.7,73.62,89,7,3.36,clear sky
688,vozhega,RU,2022-05-01 20:01:15,60.4725,40.2213,24.44,97,20,2.64,few clouds
689,toliary,RU,2022-05-01 20:01:15,60.4725,40.2213,24.44,97,20,2.64,few clouds
690,pereslavl-zalesskiy,RU,2022-05-01 20:01:15,56.7393,38.8563,39.07,80,100,4.54,overcast clouds
691,waipawa,NZ,2022-05-01 20:01:16,-41.4122,175.5153,57.96,77,100,12.48,moderate rain
692,agstafa,NZ,2022-05-01 20:01:16,-41.4122,175.5153,57.96,77,100,12.48,moderate rain
693,port moresby,PG,2022-05-01 20:01:16,-9.4431,147.1797,75.27,90,59,4.41,broken clouds
694,gat,IL,2022-05-01 20:01:17,31.61,34.7642,65.08,100,0,2.01,clear sky
695,mana,GF,2022-05-01 20:01:17,5.6592,-53.7767,81.01,75,77,10.71,broken clouds
696,natchez,US,2022-05-01 20:01:18,31.5604,-91.4032,85.44,54,40,3.44,scattered clouds
697,bolungarvik,US,2022-05-01 20:01:18,31.5604,-91.4032,85.44,54,40,3.44,scattered clouds
698,botwood,CA,2022-05-01 20:01:18,49.1499,-55.3482,34.9,98,100,10.04,snow
699,taonan,CN,2022-05-01 20:01:19,45.3333,122.7833,39.22,73,1,4.29,clear sky
700,axim,GH,2022-05-01 20:01:19,4.8699,-2.2405,81.0,82,48,8.99,scattered clouds
701,dingle,PH,2022-05-01 20:01:19,10.9995,122.6711,76.01,88,100,5.53,overcast clouds
702,solnechnyy,RU,2022-05-01 20:01:20,50.7214,136.6319,28.58,96,89,3.6,overcast clouds
703,xichang,CN,2022-05-01 20:01:21,27.8964,102.2634,47.52,85,100,3.36,overcast clouds
704,mirandopolis,BR,2022-05-01 20:01:21,-21.1336,-51.1017,84.67,33,60,7.61,broken clouds
705,aripuana,BR,2022-05-01 20:01:21,-9.1667,-60.6333,85.05,69,82,0.51,broken clouds
706,tutoia,BR,2022-05-01 20:01:22,-2.7619,-42.2744,79.77,88,75,5.03,broken clouds
707,shanghai,CN,2022-05-01 19:58:06,31.2222,121.4581,58.93,67,0,5.01,clear sky
708,rabo de peixe,PT,2022-05-01 20:01:22,37.8,-25.5833,63.91,72,20,8.05,few clouds
709,la ronge,CA,2022-05-01 20:01:23,55.1001,-105.2842,34.02,77,100,6.11,overcast clouds
710,shahr-e babak,IR,2022-05-01 20:01:23,30.1165,55.1186,65.25,29,5,15.12,clear sky
711,akalkot,IN,2022-05-01 20:01:23,17.5333,76.2167,90.09,32,30,17.13,scattered clouds
712,chagoda,RU,2022-05-01 20:01:24,59.164,35.3285,33.3,94,62,4.16,broken clouds
713,buala,SB,2022-05-01 20:01:24,-8.145,159.5921,79.95,82,99,5.14,light rain
714,rancho palos verdes,US,2022-05-01 20:01:25,33.7445,-118.387,76.95,73,0,8.99,clear sky
715,whitehorse,CA,2022-05-01 20:00:32,60.7161,-135.0538,46.02,53,100,21.85,light rain
716,kizilskoye,RU,2022-05-01 20:01:25,52.7255,58.8937,41.56,65,14,13.62,few clouds
717,karpogory,RU,2022-05-01 20:01:26,64.0019,44.4451,21.78,94,59,3.18,broken clouds
718,burkhala,RU,2022-05-01 20:01:26,64.0019,44.4451,21.78,94,59,3.18,broken clouds
719,san quintin,MX,2022-05-01 20:01:26,30.4833,-115.95,65.59,67,1,13.78,clear sky
720,floro,NO,2022-05-01 20:01:27,61.5996,5.0328,46.36,71,75,8.05,broken clouds
721,ancud,CL,2022-05-01 20:01:27,-41.8697,-73.8203,53.65,84,72,6.76,broken clouds
722,washougal,US,2022-05-01 20:01:27,45.5826,-122.3534,63.95,66,79,5.01,broken clouds
723,loukhi,RU,2022-05-01 20:01:28,66.0764,33.0381,26.91,95,87,4.47,overcast clouds
724,saint-pierre,RE,2022-05-01 20:00:14,-21.3393,55.4781,75.9,76,0,5.75,clear sky
725,baghdad,IQ,2022-05-01 19:56:39,33.3406,44.4009,78.71,38,100,9.22,dust
726,betare oya,CM,2022-05-01 20:01:28,5.6,14.0833,67.06,95,100,1.88,light rain
727,gravdal,NO,2022-05-01 20:01:29,68.1214,13.5031,40.89,93,75,12.66,light rain
728,nemuro,JP,2022-05-01 20:01:29,43.3236,145.575,40.48,94,100,22.48,moderate rain
729,rafiganj,IN,2022-05-01 20:01:30,24.8167,84.65,85.14,43,52,7.34,broken clouds
730,villa carlos paz,AR,2022-05-01 20:01:30,-31.4241,-64.4978,68.4,25,43,4.0,scattered clouds
731,uvarovka,RU,2022-05-01 20:01:30,55.5278,35.6061,38.5,90,98,4.97,overcast clouds
732,tome-acu,RU,2022-05-01 20:01:30,55.5278,35.6061,38.5,90,98,4.97,overcast clouds
733,nauta,PE,2022-05-01 20:01:31,-4.5061,-73.5757,82.13,74,99,2.28,overcast clouds
734,anton lizardo,MX,2022-05-01 20:01:31,19.05,-95.9833,91.22,69,26,10.4,scattered clouds
735,matagami,CA,2022-05-01 20:01:32,49.7502,-77.6328,55.72,61,100,8.61,overcast clouds
736,husavik,IS,2022-05-01 20:01:32,66.0449,-17.3389,28.45,74,100,10.76,overcast clouds
737,high level,CA,2022-05-01 20:00:13,58.5169,-117.136,47.26,59,86,8.68,overcast clouds
738,garissa,KE,2022-05-01 20:01:33,-0.4536,39.6401,80.38,72,99,17.4,overcast clouds
739,chamonix-mont-blanc,FR,2022-05-01 20:01:33,45.9238,6.8693,52.59,84,69,1.83,broken clouds
740,mitsamiouli,KM,2022-05-01 20:01:33,-11.3847,43.2844,80.83,73,14,13.27,few clouds
741,xuddur,SO,2022-05-01 20:01:34,4.1213,43.8894,73.81,80,100,7.72,overcast clouds
742,vaitupu,SO,2022-05-01 20:01:34,4.1213,43.8894,73.81,80,100,7.72,overcast clouds
743,kargil,IN,2022-05-01 20:01:34,34.5667,76.1,45.72,43,0,3.42,clear sky
744,saskatoon,CA,2022-05-01 19:58:58,52.1168,-106.6345,53.17,42,75,8.05,broken clouds
745,katangli,RU,2022-05-01 20:01:35,51.7102,143.2326,20.14,100,78,1.83,broken clouds
746,mount darwin,ZW,2022-05-01 20:01:35,-16.7725,31.5838,65.01,65,40,8.12,scattered clouds
747,donskoye,RU,2022-05-01 20:01:36,45.4552,41.9741,51.93,95,100,13.27,overcast clouds
748,lebanon,US,2022-05-01 20:00:21,36.2081,-86.2911,82.17,46,1,11.92,clear sky
749,belmonte,BR,2022-05-01 20:01:36,-15.8631,-38.8828,78.06,74,0,5.99,clear sky
750,sao joao da barra,BR,2022-05-01 20:01:37,-21.6403,-41.0511,77.97,76,1,11.23,clear sky
751,chingirlau,KZ,2022-05-01 20:01:37,51.095,54.0814,42.1,56,15,12.68,few clouds
752,naryan-mar,RU,2022-05-01 20:01:37,67.6713,53.087,12.49,94,79,9.19,broken clouds
